iptm,max_predicted_aligned_error,ptm,ranking_confidence,model
0.7510511875152588,31.75,0.8393243994589361,0.7687058299039943,/projectnb2/docking/imhaoyu/transmebrane/dataset1/AFMmulti-J/output_files/100preds-v1/1E12-100/unrelaxed_model_5_multimer_pred_30.pdb
0.6290761828422546,31.75,0.7788372572077749,0.6590283977153587,/projectnb2/docking/imhaoyu/transmebrane/dataset1/AFMmulti-J/output_files/100preds-v1/1E12-100/unrelaxed_model_5_multimer_pred_43.pdb
0.611007571220398,31.75,0.7706942164698489,0.6429449002702882,/projectnb2/docking/imhaoyu/transmebrane/dataset1/AFMmulti-J/output_files/100preds-v1/1E12-100/unrelaxed_model_3_multimer_pred_22.pdb
0.5621610879898071,31.75,0.7379015368289392,0.5973091777576336,/projectnb2/docking/imhaoyu/transmebrane/dataset1/AFMmulti-J/output_files/100preds-v1/1E12-100/unrelaxed_model_5_multimer_pred_5.pdb
0.5517826080322266,31.75,0.740831501973442,0.5895923868204698,/projectnb2/docking/imhaoyu/transmebrane/dataset1/AFMmulti-J/output_files/100preds-v1/1E12-100/unrelaxed_model_5_multimer_pred_22.pdb
0.5361877083778381,31.75,0.7277916815179488,0.5745085030058603,/projectnb2/docking/imhaoyu/transmebrane/dataset1/AFMmulti-J/output_files/100preds-v1/1E12-100/unrelaxed_model_5_multimer_pred_1.pdb
0.5266554951667786,31.75,0.7191092594432447,0.5651462480220718,/projectnb2/docking/imhaoyu/transmebrane/dataset1/AFMmulti-J/output_files/100preds-v1/1E12-100/unrelaxed_model_5_multimer_pred_44.pdb
0.5105348825454712,31.75,0.7177800223855134,0.5519839105134796,/projectnb2/docking/imhaoyu/transmebrane/dataset1/AFMmulti-J/output_files/100preds-v1/1E12-100/unrelaxed_model_1_multimer_pred_19.pdb
0.48842817544937134,31.75,0.7009102444029616,0.5309245892400893,/projectnb2/docking/imhaoyu/transmebrane/dataset1/AFMmulti-J/output_files/100preds-v1/1E12-100/unrelaxed_model_5_multimer_pred_4.pdb
0.4797954857349396,31.75,0.7029115639694207,0.5244187013818358,/projectnb2/docking/imhaoyu/transmebrane/dataset1/AFMmulti-J/output_files/100preds-v1/1E12-100/unrelaxed_model_5_multimer_pred_25.pdb
0.4674761891365051,31.75,0.6916282599132481,0.5123066032918537,/projectnb2/docking/imhaoyu/transmebrane/dataset1/AFMmulti-J/output_files/100preds-v1/1E12-100/unrelaxed_model_3_multimer_pred_33.pdb
0.45207586884498596,31.75,0.6893890345325511,0.49953850198249905,/projectnb2/docking/imhaoyu/transmebrane/dataset1/AFMmulti-J/output_files/100preds-v1/1E12-100/unrelaxed_model_5_multimer_pred_13.pdb
0.44827648997306824,31.75,0.6845385218014304,0.49552889633874064,/projectnb2/docking/imhaoyu/transmebrane/dataset1/AFMmulti-J/output_files/100preds-v1/1E12-100/unrelaxed_model_5_multimer_pred_45.pdb
0.44402775168418884,31.75,0.6845438287645876,0.4921309671002686,/projectnb2/docking/imhaoyu/transmebrane/dataset1/AFMmulti-J/output_files/100preds-v1/1E12-100/unrelaxed_model_5_multimer_pred_37.pdb
0.44036737084388733,31.75,0.6758601395316521,0.48746592458144034,/projectnb2/docking/imhaoyu/transmebrane/dataset1/AFMmulti-J/output_files/100preds-v1/1E12-100/unrelaxed_model_1_multimer_pred_4.pdb
0.43548455834388733,31.75,0.6735604042164651,0.4830997275184029,/projectnb2/docking/imhaoyu/transmebrane/dataset1/AFMmulti-J/output_files/100preds-v1/1E12-100/unrelaxed_model_5_multimer_pred_11.pdb
0.42641642689704895,31.75,0.6698683552576636,0.4751068125691719,/projectnb2/docking/imhaoyu/transmebrane/dataset1/AFMmulti-J/output_files/100preds-v1/1E12-100/unrelaxed_model_5_multimer_pred_46.pdb
0.4230777621269226,31.75,0.6712540287259283,0.4727130154467238,/projectnb2/docking/imhaoyu/transmebrane/dataset1/AFMmulti-J/output_files/100preds-v1/1E12-100/unrelaxed_model_5_multimer_pred_0.pdb
0.41883963346481323,31.75,0.6658216597226172,0.4682360387163741,/projectnb2/docking/imhaoyu/transmebrane/dataset1/AFMmulti-J/output_files/100preds-v1/1E12-100/unrelaxed_model_5_multimer_pred_42.pdb
0.4112975299358368,31.75,0.6614523761933295,0.4613284991873353,/projectnb2/docking/imhaoyu/transmebrane/dataset1/AFMmulti-J/output_files/100preds-v1/1E12-100/unrelaxed_model_1_multimer_pred_13.pdb
0.4011440873146057,31.75,0.6621437755543854,0.4533440249625617,/projectnb2/docking/imhaoyu/transmebrane/dataset1/AFMmulti-J/output_files/100preds-v1/1E12-100/unrelaxed_model_5_multimer_pred_29.pdb
0.3906998932361603,31.75,0.6533262040116088,0.44322515539124996,/projectnb2/docking/imhaoyu/transmebrane/dataset1/AFMmulti-J/output_files/100preds-v1/1E12-100/unrelaxed_model_5_multimer_pred_28.pdb
0.38789916038513184,31.75,0.652192642788946,0.4407578568658947,/projectnb2/docking/imhaoyu/transmebrane/dataset1/AFMmulti-J/output_files/100preds-v1/1E12-100/unrelaxed_model_5_multimer_pred_21.pdb
0.3838409185409546,31.75,0.6511052969287463,0.437293794218513,/projectnb2/docking/imhaoyu/transmebrane/dataset1/AFMmulti-J/output_files/100preds-v1/1E12-100/unrelaxed_model_5_multimer_pred_26.pdb
0.3816186785697937,31.75,0.6469955656240406,0.4346940559806431,/projectnb2/docking/imhaoyu/transmebrane/dataset1/AFMmulti-J/output_files/100preds-v1/1E12-100/unrelaxed_model_1_multimer_pred_5.pdb
0.3767085671424866,31.75,0.6454701520109964,0.4304608841161886,/projectnb2/docking/imhaoyu/transmebrane/dataset1/AFMmulti-J/output_files/100preds-v1/1E12-100/unrelaxed_model_1_multimer_pred_7.pdb
0.35454261302948,31.75,0.6389262188438377,0.41141933419235155,/projectnb2/docking/imhaoyu/transmebrane/dataset1/AFMmulti-J/output_files/100preds-v1/1E12-100/unrelaxed_model_5_multimer_pred_23.pdb
0.3533443510532379,31.75,0.6375854036427571,0.4101925615711418,/projectnb2/docking/imhaoyu/transmebrane/dataset1/AFMmulti-J/output_files/100preds-v1/1E12-100/unrelaxed_model_5_multimer_pred_12.pdb
0.3497868776321411,31.75,0.6353229217017369,0.4068940864460603,/projectnb2/docking/imhaoyu/transmebrane/dataset1/AFMmulti-J/output_files/100preds-v1/1E12-100/unrelaxed_model_5_multimer_pred_2.pdb
0.3466717600822449,31.75,0.6353762771646734,0.4044126634987306,/projectnb2/docking/imhaoyu/transmebrane/dataset1/AFMmulti-J/output_files/100preds-v1/1E12-100/unrelaxed_model_2_multimer_pred_43.pdb
0.34022730588912964,31.75,0.62821051571381,0.3978239478540657,/projectnb2/docking/imhaoyu/transmebrane/dataset1/AFMmulti-J/output_files/100preds-v1/1E12-100/unrelaxed_model_5_multimer_pred_17.pdb
0.3398413062095642,31.75,0.6238452659229676,0.3966420981522449,/projectnb2/docking/imhaoyu/transmebrane/dataset1/AFMmulti-J/output_files/100preds-v1/1E12-100/unrelaxed_model_1_multimer_pred_3.pdb
0.33914056420326233,31.75,0.6214255003997156,0.39559755144255304,/projectnb2/docking/imhaoyu/transmebrane/dataset1/AFMmulti-J/output_files/100preds-v1/1E12-100/unrelaxed_model_1_multimer_pred_1.pdb
0.3356785178184509,31.75,0.620600630012647,0.39266294025729015,/projectnb2/docking/imhaoyu/transmebrane/dataset1/AFMmulti-J/output_files/100preds-v1/1E12-100/unrelaxed_model_1_multimer_pred_23.pdb
0.3347655236721039,31.75,0.6225810239020012,0.39232862371808336,/projectnb2/docking/imhaoyu/transmebrane/dataset1/AFMmulti-J/output_files/100preds-v1/1E12-100/unrelaxed_model_5_multimer_pred_35.pdb
0.3319040536880493,31.75,0.6297117417089968,0.3914655912922388,/projectnb2/docking/imhaoyu/transmebrane/dataset1/AFMmulti-J/output_files/100preds-v1/1E12-100/unrelaxed_model_5_multimer_pred_16.pdb
0.329969197511673,31.75,0.6221530824894514,0.3884059745072287,/projectnb2/docking/imhaoyu/transmebrane/dataset1/AFMmulti-J/output_files/100preds-v1/1E12-100/unrelaxed_model_5_multimer_pred_20.pdb
0.3279672861099243,31.75,0.6188733928048293,0.38614850744890533,/projectnb2/docking/imhaoyu/transmebrane/dataset1/AFMmulti-J/output_files/100preds-v1/1E12-100/unrelaxed_model_1_multimer_pred_26.pdb
0.31954169273376465,31.75,0.6212647685827674,0.3798863079035652,/projectnb2/docking/imhaoyu/transmebrane/dataset1/AFMmulti-J/output_files/100preds-v1/1E12-100/unrelaxed_model_5_multimer_pred_18.pdb
0.3187752366065979,31.75,0.617392289178694,0.3784986471210171,/projectnb2/docking/imhaoyu/transmebrane/dataset1/AFMmulti-J/output_files/100preds-v1/1E12-100/unrelaxed_model_3_multimer_pred_3.pdb
0.31292855739593506,31.75,0.6173310441693333,0.3738090547506147,/projectnb2/docking/imhaoyu/transmebrane/dataset1/AFMmulti-J/output_files/100preds-v1/1E12-100/unrelaxed_model_5_multimer_pred_7.pdb
0.3128169775009155,31.75,0.6142239403226336,0.37309837006525914,/projectnb2/docking/imhaoyu/transmebrane/dataset1/AFMmulti-J/output_files/100preds-v1/1E12-100/unrelaxed_model_5_multimer_pred_32.pdb
0.30402588844299316,31.75,0.6106191593075877,0.3653445426159121,/projectnb2/docking/imhaoyu/transmebrane/dataset1/AFMmulti-J/output_files/100preds-v1/1E12-100/unrelaxed_model_5_multimer_pred_14.pdb
0.29394131898880005,31.75,0.607933724073554,0.35673980000575084,/projectnb2/docking/imhaoyu/transmebrane/dataset1/AFMmulti-J/output_files/100preds-v1/1E12-100/unrelaxed_model_5_multimer_pred_6.pdb
0.29019051790237427,31.75,0.5998880020537107,0.3521300147326416,/projectnb2/docking/imhaoyu/transmebrane/dataset1/AFMmulti-J/output_files/100preds-v1/1E12-100/unrelaxed_model_1_multimer_pred_37.pdb
0.277953565120697,31.75,0.5923075514172644,0.3408243623800105,/projectnb2/docking/imhaoyu/transmebrane/dataset1/AFMmulti-J/output_files/100preds-v1/1E12-100/unrelaxed_model_3_multimer_pred_1.pdb
0.27681541442871094,31.75,0.595341903377677,0.34052071221850416,/projectnb2/docking/imhaoyu/transmebrane/dataset1/AFMmulti-J/output_files/100preds-v1/1E12-100/unrelaxed_model_1_multimer_pred_18.pdb
0.2769327163696289,31.75,0.5923033630424606,0.34000684570419526,/projectnb2/docking/imhaoyu/transmebrane/dataset1/AFMmulti-J/output_files/100preds-v1/1E12-100/unrelaxed_model_3_multimer_pred_31.pdb
0.2761908769607544,31.75,0.5917692400780965,0.33930654958422285,/projectnb2/docking/imhaoyu/transmebrane/dataset1/AFMmulti-J/output_files/100preds-v1/1E12-100/unrelaxed_model_1_multimer_pred_16.pdb
0.2725057601928711,31.75,0.5913997914804984,0.33628456645039656,/projectnb2/docking/imhaoyu/transmebrane/dataset1/AFMmulti-J/output_files/100preds-v1/1E12-100/unrelaxed_model_1_multimer_pred_25.pdb
0.2721520960330963,31.75,0.5859365179842282,0.33490898042332273,/projectnb2/docking/imhaoyu/transmebrane/dataset1/AFMmulti-J/output_files/100preds-v1/1E12-100/unrelaxed_model_4_multimer_pred_34.pdb
0.2649291753768921,31.75,0.5937609729265487,0.33069553488682346,/projectnb2/docking/imhaoyu/transmebrane/dataset1/AFMmulti-J/output_files/100preds-v1/1E12-100/unrelaxed_model_4_multimer_pred_13.pdb
0.2660728693008423,31.75,0.5890476573657581,0.33066782691382546,/projectnb2/docking/imhaoyu/transmebrane/dataset1/AFMmulti-J/output_files/100preds-v1/1E12-100/unrelaxed_model_1_multimer_pred_49.pdb
0.2645416855812073,31.75,0.5918407530476812,0.3300014990745021,/projectnb2/docking/imhaoyu/transmebrane/dataset1/AFMmulti-J/output_files/100preds-v1/1E12-100/unrelaxed_model_5_multimer_pred_36.pdb
0.2646671533584595,31.75,0.5911130652951662,0.32995633574580086,/projectnb2/docking/imhaoyu/transmebrane/dataset1/AFMmulti-J/output_files/100preds-v1/1E12-100/unrelaxed_model_2_multimer_pred_9.pdb
0.264750599861145,31.75,0.5865568985582802,0.3291118596005721,/projectnb2/docking/imhaoyu/transmebrane/dataset1/AFMmulti-J/output_files/100preds-v1/1E12-100/unrelaxed_model_1_multimer_pred_38.pdb
0.2619183659553528,31.75,0.5914431944843775,0.32782333166115774,/projectnb2/docking/imhaoyu/transmebrane/dataset1/AFMmulti-J/output_files/100preds-v1/1E12-100/unrelaxed_model_2_multimer_pred_37.pdb
0.26245591044425964,31.75,0.5871794272554589,0.32740061380649954,/projectnb2/docking/imhaoyu/transmebrane/dataset1/AFMmulti-J/output_files/100preds-v1/1E12-100/unrelaxed_model_4_multimer_pred_28.pdb
0.26200810074806213,31.75,0.5870849842847929,0.32702347745540833,/projectnb2/docking/imhaoyu/transmebrane/dataset1/AFMmulti-J/output_files/100preds-v1/1E12-100/unrelaxed_model_1_multimer_pred_29.pdb
0.26104217767715454,31.75,0.5881208282863823,0.32645790779900014,/projectnb2/docking/imhaoyu/transmebrane/dataset1/AFMmulti-J/output_files/100preds-v1/1E12-100/unrelaxed_model_1_multimer_pred_6.pdb
0.2598611116409302,31.75,0.5892803806385899,0.32574496544046216,/projectnb2/docking/imhaoyu/transmebrane/dataset1/AFMmulti-J/output_files/100preds-v1/1E12-100/unrelaxed_model_5_multimer_pred_3.pdb
0.25992992520332336,31.75,0.5877546018881985,0.3254948605402984,/projectnb2/docking/imhaoyu/transmebrane/dataset1/AFMmulti-J/output_files/100preds-v1/1E12-100/unrelaxed_model_4_multimer_pred_43.pdb
0.25945770740509033,31.75,0.588025119983319,0.32517118992073607,/projectnb2/docking/imhaoyu/transmebrane/dataset1/AFMmulti-J/output_files/100preds-v1/1E12-100/unrelaxed_model_4_multimer_pred_14.pdb
0.25807586312294006,31.75,0.5827045517125901,0.32300160084087004,/projectnb2/docking/imhaoyu/transmebrane/dataset1/AFMmulti-J/output_files/100preds-v1/1E12-100/unrelaxed_model_1_multimer_pred_14.pdb
0.2573004364967346,31.75,0.5813606605996803,0.32211248131732373,/projectnb2/docking/imhaoyu/transmebrane/dataset1/AFMmulti-J/output_files/100preds-v1/1E12-100/unrelaxed_model_4_multimer_pred_46.pdb
0.2547910809516907,31.75,0.584703247349477,0.32077351423124795,/projectnb2/docking/imhaoyu/transmebrane/dataset1/AFMmulti-J/output_files/100preds-v1/1E12-100/unrelaxed_model_4_multimer_pred_38.pdb
0.25355684757232666,31.75,0.579930034274252,0.31883148491271174,/projectnb2/docking/imhaoyu/transmebrane/dataset1/AFMmulti-J/output_files/100preds-v1/1E12-100/unrelaxed_model_1_multimer_pred_41.pdb
0.25294315814971924,31.75,0.5797588773870106,0.3183063019971775,/projectnb2/docking/imhaoyu/transmebrane/dataset1/AFMmulti-J/output_files/100preds-v1/1E12-100/unrelaxed_model_1_multimer_pred_28.pdb
0.2503790855407715,31.75,0.5828232571455823,0.3168679198617337,/projectnb2/docking/imhaoyu/transmebrane/dataset1/AFMmulti-J/output_files/100preds-v1/1E12-100/unrelaxed_model_5_multimer_pred_38.pdb
0.2503521740436554,31.75,0.5816501340614495,0.3166117660472142,/projectnb2/docking/imhaoyu/transmebrane/dataset1/AFMmulti-J/output_files/100preds-v1/1E12-100/unrelaxed_model_1_multimer_pred_2.pdb
0.24957095086574554,31.75,0.5842013421680601,0.3164970291262085,/projectnb2/docking/imhaoyu/transmebrane/dataset1/AFMmulti-J/output_files/100preds-v1/1E12-100/unrelaxed_model_3_multimer_pred_21.pdb
0.249465212225914,31.75,0.5822850745129855,0.3160291846833283,/projectnb2/docking/imhaoyu/transmebrane/dataset1/AFMmulti-J/output_files/100preds-v1/1E12-100/unrelaxed_model_4_multimer_pred_25.pdb
0.24995356798171997,31.75,0.5783246288131081,0.3156277801479976,/projectnb2/docking/imhaoyu/transmebrane/dataset1/AFMmulti-J/output_files/100preds-v1/1E12-100/unrelaxed_model_1_multimer_pred_31.pdb
0.24837802350521088,31.75,0.5783226552632691,0.31436694985682256,/projectnb2/docking/imhaoyu/transmebrane/dataset1/AFMmulti-J/output_files/100preds-v1/1E12-100/unrelaxed_model_1_multimer_pred_45.pdb
0.24686390161514282,31.75,0.580746864395246,0.31364049417116346,/projectnb2/docking/imhaoyu/transmebrane/dataset1/AFMmulti-J/output_files/100preds-v1/1E12-100/unrelaxed_model_1_multimer_pred_43.pdb
0.24605898559093475,31.75,0.5806791189162838,0.31298301225600456,/projectnb2/docking/imhaoyu/transmebrane/dataset1/AFMmulti-J/output_files/100preds-v1/1E12-100/unrelaxed_model_1_multimer_pred_12.pdb
0.24537216126918793,31.75,0.5744654848586925,0.31119082598708886,/projectnb2/docking/imhaoyu/transmebrane/dataset1/AFMmulti-J/output_files/100preds-v1/1E12-100/unrelaxed_model_1_multimer_pred_46.pdb
0.2434292435646057,31.75,0.5799048852959061,0.31072437191086577,/projectnb2/docking/imhaoyu/transmebrane/dataset1/AFMmulti-J/output_files/100preds-v1/1E12-100/unrelaxed_model_1_multimer_pred_36.pdb
0.24103474617004395,31.75,0.5798151393420521,0.3087908248044456,/projectnb2/docking/imhaoyu/transmebrane/dataset1/AFMmulti-J/output_files/100preds-v1/1E12-100/unrelaxed_model_2_multimer_pred_23.pdb
0.24235528707504272,31.75,0.5710260987816824,0.3080894494163707,/projectnb2/docking/imhaoyu/transmebrane/dataset1/AFMmulti-J/output_files/100preds-v1/1E12-100/unrelaxed_model_1_multimer_pred_34.pdb
0.2394813895225525,31.75,0.5790003408000238,0.3073851797780468,/projectnb2/docking/imhaoyu/transmebrane/dataset1/AFMmulti-J/output_files/100preds-v1/1E12-100/unrelaxed_model_4_multimer_pred_22.pdb
0.2409403771162033,31.75,0.5724689220903838,0.30724608611103943,/projectnb2/docking/imhaoyu/transmebrane/dataset1/AFMmulti-J/output_files/100preds-v1/1E12-100/unrelaxed_model_1_multimer_pred_11.pdb
0.24029076099395752,31.75,0.5738808391539144,0.3070087766259489,/projectnb2/docking/imhaoyu/transmebrane/dataset1/AFMmulti-J/output_files/100preds-v1/1E12-100/unrelaxed_model_5_multimer_pred_34.pdb
0.239453986287117,31.75,0.5754812780521428,0.3066594446401222,/projectnb2/docking/imhaoyu/transmebrane/dataset1/AFMmulti-J/output_files/100preds-v1/1E12-100/unrelaxed_model_1_multimer_pred_21.pdb
0.23924753069877625,31.75,0.5734325743833306,0.30608453943568714,/projectnb2/docking/imhaoyu/transmebrane/dataset1/AFMmulti-J/output_files/100preds-v1/1E12-100/unrelaxed_model_1_multimer_pred_0.pdb
0.2373323291540146,31.75,0.5775880069604383,0.3053834647152993,/projectnb2/docking/imhaoyu/transmebrane/dataset1/AFMmulti-J/output_files/100preds-v1/1E12-100/unrelaxed_model_4_multimer_pred_44.pdb
0.23751413822174072,31.75,0.5761084456192109,0.3052329997012348,/projectnb2/docking/imhaoyu/transmebrane/dataset1/AFMmulti-J/output_files/100preds-v1/1E12-100/unrelaxed_model_1_multimer_pred_30.pdb
0.23706507682800293,31.75,0.5746636688890179,0.30458479524020593,/projectnb2/docking/imhaoyu/transmebrane/dataset1/AFMmulti-J/output_files/100preds-v1/1E12-100/unrelaxed_model_2_multimer_pred_41.pdb
0.23681224882602692,31.75,0.5742703297396956,0.30430386500876067,/projectnb2/docking/imhaoyu/transmebrane/dataset1/AFMmulti-J/output_files/100preds-v1/1E12-100/unrelaxed_model_2_multimer_pred_25.pdb
0.23546093702316284,31.75,0.5774054642902918,0.30384984247658864,/projectnb2/docking/imhaoyu/transmebrane/dataset1/AFMmulti-J/output_files/100preds-v1/1E12-100/unrelaxed_model_4_multimer_pred_21.pdb
0.23699843883514404,31.75,0.5701206909755414,0.30362288926322356,/projectnb2/docking/imhaoyu/transmebrane/dataset1/AFMmulti-J/output_files/100preds-v1/1E12-100/unrelaxed_model_1_multimer_pred_10.pdb
0.23396191000938416,31.75,0.5781268423434075,0.30279489647618885,/projectnb2/docking/imhaoyu/transmebrane/dataset1/AFMmulti-J/output_files/100preds-v1/1E12-100/unrelaxed_model_2_multimer_pred_13.pdb
0.23317082226276398,31.75,0.5753766242521868,0.3016119826606486,/projectnb2/docking/imhaoyu/transmebrane/dataset1/AFMmulti-J/output_files/100preds-v1/1E12-100/unrelaxed_model_2_multimer_pred_26.pdb
0.2332204282283783,31.75,0.5720025226655254,0.30097684711580774,/projectnb2/docking/imhaoyu/transmebrane/dataset1/AFMmulti-J/output_files/100preds-v1/1E12-100/unrelaxed_model_1_multimer_pred_44.pdb
0.23330384492874146,31.75,0.5703095736185927,0.30070499066671175,/projectnb2/docking/imhaoyu/transmebrane/dataset1/AFMmulti-J/output_files/100preds-v1/1E12-100/unrelaxed_model_1_multimer_pred_35.pdb
0.23225867748260498,31.75,0.572348865407726,0.3002767150676292,/projectnb2/docking/imhaoyu/transmebrane/dataset1/AFMmulti-J/output_files/100preds-v1/1E12-100/unrelaxed_model_2_multimer_pred_18.pdb
0.2316311001777649,31.75,0.572428555080302,0.29979059115827233,/projectnb2/docking/imhaoyu/transmebrane/dataset1/AFMmulti-J/output_files/100preds-v1/1E12-100/unrelaxed_model_4_multimer_pred_23.pdb
0.23075953125953674,31.75,0.5748954944405099,0.2995867238957314,/projectnb2/docking/imhaoyu/transmebrane/dataset1/AFMmulti-J/output_files/100preds-v1/1E12-100/unrelaxed_model_4_multimer_pred_17.pdb
0.23198112845420837,31.75,0.5692356235783678,0.29943202747904024,/projectnb2/docking/imhaoyu/transmebrane/dataset1/AFMmulti-J/output_files/100preds-v1/1E12-100/unrelaxed_model_1_multimer_pred_42.pdb
0.22980225086212158,31.75,0.5663972777081072,0.2971212562313187,/projectnb2/docking/imhaoyu/transmebrane/dataset1/AFMmulti-J/output_files/100preds-v1/1E12-100/unrelaxed_model_1_multimer_pred_20.pdb
0.22794488072395325,31.75,0.5700214669997002,0.2963601979791027,/projectnb2/docking/imhaoyu/transmebrane/dataset1/AFMmulti-J/output_files/100preds-v1/1E12-100/unrelaxed_model_1_multimer_pred_17.pdb
0.22688879072666168,31.75,0.5736495687442991,0.29624094633018916,/projectnb2/docking/imhaoyu/transmebrane/dataset1/AFMmulti-J/output_files/100preds-v1/1E12-100/unrelaxed_model_5_multimer_pred_47.pdb
0.22720514237880707,31.75,0.5683812667676396,0.2954403672565736,/projectnb2/docking/imhaoyu/transmebrane/dataset1/AFMmulti-J/output_files/100preds-v1/1E12-100/unrelaxed_model_3_multimer_pred_41.pdb
0.22570687532424927,31.75,0.5722860170216413,0.2950227036637277,/projectnb2/docking/imhaoyu/transmebrane/dataset1/AFMmulti-J/output_files/100preds-v1/1E12-100/unrelaxed_model_2_multimer_pred_2.pdb
0.22597816586494446,31.75,0.5699392560270912,0.2947703838973738,/projectnb2/docking/imhaoyu/transmebrane/dataset1/AFMmulti-J/output_files/100preds-v1/1E12-100/unrelaxed_model_3_multimer_pred_44.pdb
0.22554178535938263,31.75,0.5709509169312347,0.29462361167375306,/projectnb2/docking/imhaoyu/transmebrane/dataset1/AFMmulti-J/output_files/100preds-v1/1E12-100/unrelaxed_model_5_multimer_pred_40.pdb
0.22660641372203827,31.75,0.5656581090379018,0.294416752785211,/projectnb2/docking/imhaoyu/transmebrane/dataset1/AFMmulti-J/output_files/100preds-v1/1E12-100/unrelaxed_model_1_multimer_pred_48.pdb
0.22414696216583252,31.75,0.5698786388101302,0.2932932974946921,/projectnb2/docking/imhaoyu/transmebrane/dataset1/AFMmulti-J/output_files/100preds-v1/1E12-100/unrelaxed_model_2_multimer_pred_38.pdb
0.22451573610305786,31.75,0.567852990653761,0.2931831870131985,/projectnb2/docking/imhaoyu/transmebrane/dataset1/AFMmulti-J/output_files/100preds-v1/1E12-100/unrelaxed_model_3_multimer_pred_26.pdb
0.22371047735214233,31.75,0.5706931244719469,0.29310700677610324,/projectnb2/docking/imhaoyu/transmebrane/dataset1/AFMmulti-J/output_files/100preds-v1/1E12-100/unrelaxed_model_2_multimer_pred_16.pdb
0.22300583124160767,31.75,0.5717120070648385,0.2927470664062538,/projectnb2/docking/imhaoyu/transmebrane/dataset1/AFMmulti-J/output_files/100preds-v1/1E12-100/unrelaxed_model_2_multimer_pred_39.pdb
0.2246447503566742,31.75,0.5644651103667941,0.29260882235869823,/projectnb2/docking/imhaoyu/transmebrane/dataset1/AFMmulti-J/output_files/100preds-v1/1E12-100/unrelaxed_model_1_multimer_pred_8.pdb
0.22363337874412537,31.75,0.5665597433163887,0.2922186516585781,/projectnb2/docking/imhaoyu/transmebrane/dataset1/AFMmulti-J/output_files/100preds-v1/1E12-100/unrelaxed_model_3_multimer_pred_18.pdb
0.22155387699604034,31.75,0.5687092905935782,0.29098495971554794,/projectnb2/docking/imhaoyu/transmebrane/dataset1/AFMmulti-J/output_files/100preds-v1/1E12-100/unrelaxed_model_5_multimer_pred_41.pdb
0.2222956418991089,31.75,0.5635404824922506,0.29054461001773724,/projectnb2/docking/imhaoyu/transmebrane/dataset1/AFMmulti-J/output_files/100preds-v1/1E12-100/unrelaxed_model_2_multimer_pred_34.pdb
0.2204124629497528,31.75,0.5700676562115089,0.29034350160210404,/projectnb2/docking/imhaoyu/transmebrane/dataset1/AFMmulti-J/output_files/100preds-v1/1E12-100/unrelaxed_model_2_multimer_pred_12.pdb
0.22052159905433655,31.75,0.569235328205548,0.29026434488457886,/projectnb2/docking/imhaoyu/transmebrane/dataset1/AFMmulti-J/output_files/100preds-v1/1E12-100/unrelaxed_model_2_multimer_pred_21.pdb
0.21967685222625732,31.75,0.5698071859016487,0.2897029189613356,/projectnb2/docking/imhaoyu/transmebrane/dataset1/AFMmulti-J/output_files/100preds-v1/1E12-100/unrelaxed_model_2_multimer_pred_7.pdb
0.22025300562381744,31.75,0.5673082764093138,0.28966405978091675,/projectnb2/docking/imhaoyu/transmebrane/dataset1/AFMmulti-J/output_files/100preds-v1/1E12-100/unrelaxed_model_5_multimer_pred_10.pdb
0.2212480902671814,31.75,0.5632591058679604,0.28965029338733717,/projectnb2/docking/imhaoyu/transmebrane/dataset1/AFMmulti-J/output_files/100preds-v1/1E12-100/unrelaxed_model_1_multimer_pred_22.pdb
0.2182762324810028,31.75,0.5695884801010886,0.28853868200502,/projectnb2/docking/imhaoyu/transmebrane/dataset1/AFMmulti-J/output_files/100preds-v1/1E12-100/unrelaxed_model_2_multimer_pred_6.pdb
0.21924692392349243,31.75,0.5642803196091107,0.2882536030606161,/projectnb2/docking/imhaoyu/transmebrane/dataset1/AFMmulti-J/output_files/100preds-v1/1E12-100/unrelaxed_model_5_multimer_pred_19.pdb
0.21784912049770355,31.75,0.5680233523608552,0.2878839668703339,/projectnb2/docking/imhaoyu/transmebrane/dataset1/AFMmulti-J/output_files/100preds-v1/1E12-100/unrelaxed_model_4_multimer_pred_2.pdb
0.21813762187957764,31.75,0.5660823568766563,0.2877265688789934,/projectnb2/docking/imhaoyu/transmebrane/dataset1/AFMmulti-J/output_files/100preds-v1/1E12-100/unrelaxed_model_3_multimer_pred_4.pdb
0.21729855239391327,31.75,0.5630053501509092,0.2864399119453125,/projectnb2/docking/imhaoyu/transmebrane/dataset1/AFMmulti-J/output_files/100preds-v1/1E12-100/unrelaxed_model_1_multimer_pred_47.pdb
0.21607711911201477,31.75,0.5667812686610728,0.2862179490218264,/projectnb2/docking/imhaoyu/transmebrane/dataset1/AFMmulti-J/output_files/100preds-v1/1E12-100/unrelaxed_model_2_multimer_pred_0.pdb
0.21437972784042358,31.75,0.5639727552836333,0.2842983333290655,/projectnb2/docking/imhaoyu/transmebrane/dataset1/AFMmulti-J/output_files/100preds-v1/1E12-100/unrelaxed_model_2_multimer_pred_28.pdb
0.21493062376976013,31.75,0.5616834592331262,0.28428119086243336,/projectnb2/docking/imhaoyu/transmebrane/dataset1/AFMmulti-J/output_files/100preds-v1/1E12-100/unrelaxed_model_3_multimer_pred_46.pdb
0.21291236579418182,31.75,0.5659187523455317,0.2835136431044518,/projectnb2/docking/imhaoyu/transmebrane/dataset1/AFMmulti-J/output_files/100preds-v1/1E12-100/unrelaxed_model_2_multimer_pred_14.pdb
0.21429051458835602,31.75,0.5589044824456075,0.28321330815980633,/projectnb2/docking/imhaoyu/transmebrane/dataset1/AFMmulti-J/output_files/100preds-v1/1E12-100/unrelaxed_model_1_multimer_pred_32.pdb
0.21190610527992249,31.75,0.5608641996780525,0.2816977241595485,/projectnb2/docking/imhaoyu/transmebrane/dataset1/AFMmulti-J/output_files/100preds-v1/1E12-100/unrelaxed_model_1_multimer_pred_9.pdb
0.2112959623336792,31.75,0.5627897790422528,0.28159472567539395,/projectnb2/docking/imhaoyu/transmebrane/dataset1/AFMmulti-J/output_files/100preds-v1/1E12-100/unrelaxed_model_4_multimer_pred_9.pdb
0.21104314923286438,31.75,0.5599760299680794,0.2808297253799074,/projectnb2/docking/imhaoyu/transmebrane/dataset1/AFMmulti-J/output_files/100preds-v1/1E12-100/unrelaxed_model_3_multimer_pred_9.pdb
0.2094612717628479,31.75,0.5615298697842194,0.27987499136712224,/projectnb2/docking/imhaoyu/transmebrane/dataset1/AFMmulti-J/output_files/100preds-v1/1E12-100/unrelaxed_model_2_multimer_pred_11.pdb
0.2091817706823349,31.75,0.5619610911602699,0.2797376347779219,/projectnb2/docking/imhaoyu/transmebrane/dataset1/AFMmulti-J/output_files/100preds-v1/1E12-100/unrelaxed_model_4_multimer_pred_26.pdb
0.2079302966594696,31.75,0.5611746857060098,0.27857917446877767,/projectnb2/docking/imhaoyu/transmebrane/dataset1/AFMmulti-J/output_files/100preds-v1/1E12-100/unrelaxed_model_3_multimer_pred_19.pdb
0.20679008960723877,31.75,0.5634480675225048,0.278121685190292,/projectnb2/docking/imhaoyu/transmebrane/dataset1/AFMmulti-J/output_files/100preds-v1/1E12-100/unrelaxed_model_4_multimer_pred_7.pdb
0.2064284086227417,31.75,0.5637177325997691,0.2778862734181472,/projectnb2/docking/imhaoyu/transmebrane/dataset1/AFMmulti-J/output_files/100preds-v1/1E12-100/unrelaxed_model_2_multimer_pred_45.pdb
0.20634131133556366,31.75,0.5620376508822208,0.2774805792448951,/projectnb2/docking/imhaoyu/transmebrane/dataset1/AFMmulti-J/output_files/100preds-v1/1E12-100/unrelaxed_model_2_multimer_pred_22.pdb
0.20827049016952515,31.75,0.5535292379566489,0.2773222397269499,/projectnb2/docking/imhaoyu/transmebrane/dataset1/AFMmulti-J/output_files/100preds-v1/1E12-100/unrelaxed_model_1_multimer_pred_24.pdb
0.20676399767398834,31.75,0.5578497493669223,0.2769811480125752,/projectnb2/docking/imhaoyu/transmebrane/dataset1/AFMmulti-J/output_files/100preds-v1/1E12-100/unrelaxed_model_1_multimer_pred_33.pdb
0.20577681064605713,31.75,0.5602163261523845,0.2766647137473226,/projectnb2/docking/imhaoyu/transmebrane/dataset1/AFMmulti-J/output_files/100preds-v1/1E12-100/unrelaxed_model_3_multimer_pred_38.pdb
0.204737588763237,31.75,0.5611779568053812,0.27602566237166587,/projectnb2/docking/imhaoyu/transmebrane/dataset1/AFMmulti-J/output_files/100preds-v1/1E12-100/unrelaxed_model_4_multimer_pred_18.pdb
0.20201238989830017,31.75,0.5570499003854126,0.2730198919957227,/projectnb2/docking/imhaoyu/transmebrane/dataset1/AFMmulti-J/output_files/100preds-v1/1E12-100/unrelaxed_model_2_multimer_pred_20.pdb
0.19999313354492188,31.75,0.5564328438451929,0.2712810756049761,/projectnb2/docking/imhaoyu/transmebrane/dataset1/AFMmulti-J/output_files/100preds-v1/1E12-100/unrelaxed_model_2_multimer_pred_46.pdb
0.1990082561969757,31.75,0.5600308360708375,0.2712127721717481,/projectnb2/docking/imhaoyu/transmebrane/dataset1/AFMmulti-J/output_files/100preds-v1/1E12-100/unrelaxed_model_4_multimer_pred_11.pdb
0.20002850890159607,31.75,0.5527262230084663,0.27056805172297016,/projectnb2/docking/imhaoyu/transmebrane/dataset1/AFMmulti-J/output_files/100preds-v1/1E12-100/unrelaxed_model_1_multimer_pred_27.pdb
0.198724627494812,31.75,0.5571010450726128,0.2703999110103722,/projectnb2/docking/imhaoyu/transmebrane/dataset1/AFMmulti-J/output_files/100preds-v1/1E12-100/unrelaxed_model_3_multimer_pred_0.pdb
0.19813567399978638,31.75,0.557803763912296,0.2700692919822883,/projectnb2/docking/imhaoyu/transmebrane/dataset1/AFMmulti-J/output_files/100preds-v1/1E12-100/unrelaxed_model_2_multimer_pred_44.pdb
0.1975734531879425,31.75,0.5563200009442442,0.26932276273920286,/projectnb2/docking/imhaoyu/transmebrane/dataset1/AFMmulti-J/output_files/100preds-v1/1E12-100/unrelaxed_model_2_multimer_pred_3.pdb
0.19850260019302368,31.75,0.5516686021671989,0.26913580058785874,/projectnb2/docking/imhaoyu/transmebrane/dataset1/AFMmulti-J/output_files/100preds-v1/1E12-100/unrelaxed_model_5_multimer_pred_15.pdb
0.19683191180229187,31.75,0.5544606376138338,0.2683576569646003,/projectnb2/docking/imhaoyu/transmebrane/dataset1/AFMmulti-J/output_files/100preds-v1/1E12-100/unrelaxed_model_3_multimer_pred_25.pdb
0.19520780444145203,31.75,0.558655927233813,0.26789742899992425,/projectnb2/docking/imhaoyu/transmebrane/dataset1/AFMmulti-J/output_files/100preds-v1/1E12-100/unrelaxed_model_2_multimer_pred_33.pdb
0.1962132751941681,31.75,0.553441194799124,0.2676588591151593,/projectnb2/docking/imhaoyu/transmebrane/dataset1/AFMmulti-J/output_files/100preds-v1/1E12-100/unrelaxed_model_2_multimer_pred_32.pdb
0.19427379965782166,31.75,0.5561396963931703,0.2666469790048914,/projectnb2/docking/imhaoyu/transmebrane/dataset1/AFMmulti-J/output_files/100preds-v1/1E12-100/unrelaxed_model_2_multimer_pred_30.pdb
0.19396796822547913,31.75,0.5517588427159191,0.26552614312356715,/projectnb2/docking/imhaoyu/transmebrane/dataset1/AFMmulti-J/output_files/100preds-v1/1E12-100/unrelaxed_model_2_multimer_pred_10.pdb
0.19400958716869354,31.75,0.5484526590170108,0.26489820153835697,/projectnb2/docking/imhaoyu/transmebrane/dataset1/AFMmulti-J/output_files/100preds-v1/1E12-100/unrelaxed_model_3_multimer_pred_42.pdb
0.19423431158065796,31.75,0.5435132324558725,0.26409009575570086,/projectnb2/docking/imhaoyu/transmebrane/dataset1/AFMmulti-J/output_files/100preds-v1/1E12-100/unrelaxed_model_1_multimer_pred_15.pdb
0.1911001056432724,31.75,0.5520112188092555,0.263282328276469,/projectnb2/docking/imhaoyu/transmebrane/dataset1/AFMmulti-J/output_files/100preds-v1/1E12-100/unrelaxed_model_2_multimer_pred_31.pdb
0.19143494963645935,31.75,0.5506653239171747,0.26328102449260243,/projectnb2/docking/imhaoyu/transmebrane/dataset1/AFMmulti-J/output_files/100preds-v1/1E12-100/unrelaxed_model_3_multimer_pred_23.pdb
0.19100256264209747,31.75,0.5519757963195613,0.2631972093775902,/projectnb2/docking/imhaoyu/transmebrane/dataset1/AFMmulti-J/output_files/100preds-v1/1E12-100/unrelaxed_model_5_multimer_pred_24.pdb
0.18958596885204315,31.75,0.5503934445450263,0.2617474639906398,/projectnb2/docking/imhaoyu/transmebrane/dataset1/AFMmulti-J/output_files/100preds-v1/1E12-100/unrelaxed_model_3_multimer_pred_11.pdb
0.18861925601959229,31.75,0.5520412177180093,0.2613036483592757,/projectnb2/docking/imhaoyu/transmebrane/dataset1/AFMmulti-J/output_files/100preds-v1/1E12-100/unrelaxed_model_2_multimer_pred_40.pdb
0.18757480382919312,31.75,0.5524565789135681,0.26055115884606816,/projectnb2/docking/imhaoyu/transmebrane/dataset1/AFMmulti-J/output_files/100preds-v1/1E12-100/unrelaxed_model_2_multimer_pred_5.pdb
0.18735826015472412,31.75,0.5520860703457221,0.2603038221929237,/projectnb2/docking/imhaoyu/transmebrane/dataset1/AFMmulti-J/output_files/100preds-v1/1E12-100/unrelaxed_model_2_multimer_pred_17.pdb
0.18716534972190857,31.75,0.5519401504302449,0.26012030986357587,/projectnb2/docking/imhaoyu/transmebrane/dataset1/AFMmulti-J/output_files/100preds-v1/1E12-100/unrelaxed_model_4_multimer_pred_30.pdb
0.1865808367729187,31.75,0.552812998566026,0.2598272691315402,/projectnb2/docking/imhaoyu/transmebrane/dataset1/AFMmulti-J/output_files/100preds-v1/1E12-100/unrelaxed_model_2_multimer_pred_29.pdb
0.18779566884040833,31.75,0.5476935060049131,0.2597752362733093,/projectnb2/docking/imhaoyu/transmebrane/dataset1/AFMmulti-J/output_files/100preds-v1/1E12-100/unrelaxed_model_3_multimer_pred_34.pdb
0.18618431687355042,31.75,0.5495791945335888,0.2588632924055581,/projectnb2/docking/imhaoyu/transmebrane/dataset1/AFMmulti-J/output_files/100preds-v1/1E12-100/unrelaxed_model_5_multimer_pred_27.pdb
0.18507187068462372,31.75,0.5486443706278453,0.25778637067326804,/projectnb2/docking/imhaoyu/transmebrane/dataset1/AFMmulti-J/output_files/100preds-v1/1E12-100/unrelaxed_model_2_multimer_pred_4.pdb
0.1843762993812561,31.75,0.5487234626195576,0.25724573202891643,/projectnb2/docking/imhaoyu/transmebrane/dataset1/AFMmulti-J/output_files/100preds-v1/1E12-100/unrelaxed_model_5_multimer_pred_49.pdb
0.18441957235336304,31.75,0.546413158243509,0.25681828953139224,/projectnb2/docking/imhaoyu/transmebrane/dataset1/AFMmulti-J/output_files/100preds-v1/1E12-100/unrelaxed_model_2_multimer_pred_42.pdb
0.18288549780845642,31.75,0.5472197636058669,0.2557523509679385,/projectnb2/docking/imhaoyu/transmebrane/dataset1/AFMmulti-J/output_files/100preds-v1/1E12-100/unrelaxed_model_3_multimer_pred_6.pdb
0.18114958703517914,31.75,0.5475908803383976,0.25443784569582284,/projectnb2/docking/imhaoyu/transmebrane/dataset1/AFMmulti-J/output_files/100preds-v1/1E12-100/unrelaxed_model_4_multimer_pred_4.pdb
0.17995594441890717,31.75,0.5496985850224353,0.2539044725396128,/projectnb2/docking/imhaoyu/transmebrane/dataset1/AFMmulti-J/output_files/100preds-v1/1E12-100/unrelaxed_model_5_multimer_pred_48.pdb
0.17939260601997375,31.75,0.5496411808904434,0.2534423209940677,/projectnb2/docking/imhaoyu/transmebrane/dataset1/AFMmulti-J/output_files/100preds-v1/1E12-100/unrelaxed_model_1_multimer_pred_39.pdb
0.17941421270370483,31.75,0.5481660447523566,0.2531645791134352,/projectnb2/docking/imhaoyu/transmebrane/dataset1/AFMmulti-J/output_files/100preds-v1/1E12-100/unrelaxed_model_2_multimer_pred_36.pdb
0.17828398942947388,31.75,0.5489093582276662,0.2524090631891124,/projectnb2/docking/imhaoyu/transmebrane/dataset1/AFMmulti-J/output_files/100preds-v1/1E12-100/unrelaxed_model_4_multimer_pred_20.pdb
0.178233802318573,31.75,0.5452104768508659,0.25162913722503155,/projectnb2/docking/imhaoyu/transmebrane/dataset1/AFMmulti-J/output_files/100preds-v1/1E12-100/unrelaxed_model_2_multimer_pred_27.pdb
0.17544549703598022,31.75,0.5488174295629111,0.2501198835413664,/projectnb2/docking/imhaoyu/transmebrane/dataset1/AFMmulti-J/output_files/100preds-v1/1E12-100/unrelaxed_model_2_multimer_pred_19.pdb
0.17681215703487396,31.75,0.5427040793630622,0.24999054150051161,/projectnb2/docking/imhaoyu/transmebrane/dataset1/AFMmulti-J/output_files/100preds-v1/1E12-100/unrelaxed_model_3_multimer_pred_28.pdb
0.17381702363491058,31.75,0.5450506853089685,0.2480637559697222,/projectnb2/docking/imhaoyu/transmebrane/dataset1/AFMmulti-J/output_files/100preds-v1/1E12-100/unrelaxed_model_2_multimer_pred_35.pdb
0.1733403503894806,31.75,0.5452142097389896,0.24771512225938241,/projectnb2/docking/imhaoyu/transmebrane/dataset1/AFMmulti-J/output_files/100preds-v1/1E12-100/unrelaxed_model_2_multimer_pred_49.pdb
0.16993245482444763,31.75,0.5399083077889208,0.2439276254173423,/projectnb2/docking/imhaoyu/transmebrane/dataset1/AFMmulti-J/output_files/100preds-v1/1E12-100/unrelaxed_model_2_multimer_pred_15.pdb
0.16901180148124695,31.75,0.5411686804995715,0.24344317728491185,/projectnb2/docking/imhaoyu/transmebrane/dataset1/AFMmulti-J/output_files/100preds-v1/1E12-100/unrelaxed_model_4_multimer_pred_5.pdb
0.1681557148694992,31.75,0.543001877170059,0.24312494732961118,/projectnb2/docking/imhaoyu/transmebrane/dataset1/AFMmulti-J/output_files/100preds-v1/1E12-100/unrelaxed_model_3_multimer_pred_14.pdb
0.16803130507469177,31.75,0.5423926262173495,0.24290356930322332,/projectnb2/docking/imhaoyu/transmebrane/dataset1/AFMmulti-J/output_files/100preds-v1/1E12-100/unrelaxed_model_3_multimer_pred_29.pdb
0.1685047149658203,31.75,0.5380376443572822,0.2424113008441127,/projectnb2/docking/imhaoyu/transmebrane/dataset1/AFMmulti-J/output_files/100preds-v1/1E12-100/unrelaxed_model_1_multimer_pred_40.pdb
0.16735543310642242,31.75,0.5425421272116895,0.24239277192747585,/projectnb2/docking/imhaoyu/transmebrane/dataset1/AFMmulti-J/output_files/100preds-v1/1E12-100/unrelaxed_model_2_multimer_pred_48.pdb
0.1665695309638977,31.75,0.5418038764353444,0.24161640005818705,/projectnb2/docking/imhaoyu/transmebrane/dataset1/AFMmulti-J/output_files/100preds-v1/1E12-100/unrelaxed_model_3_multimer_pred_39.pdb
0.167362779378891,31.75,0.5385342456824046,0.24159707263959374,/projectnb2/docking/imhaoyu/transmebrane/dataset1/AFMmulti-J/output_files/100preds-v1/1E12-100/unrelaxed_model_4_multimer_pred_1.pdb
0.16568058729171753,31.75,0.5428215115124446,0.24110877213586296,/projectnb2/docking/imhaoyu/transmebrane/dataset1/AFMmulti-J/output_files/100preds-v1/1E12-100/unrelaxed_model_4_multimer_pred_10.pdb
0.16563653945922852,31.75,0.5398665607281148,0.24048254371300576,/projectnb2/docking/imhaoyu/transmebrane/dataset1/AFMmulti-J/output_files/100preds-v1/1E12-100/unrelaxed_model_3_multimer_pred_36.pdb
0.16495747864246368,31.75,0.5416369209835096,0.2402933671106729,/projectnb2/docking/imhaoyu/transmebrane/dataset1/AFMmulti-J/output_files/100preds-v1/1E12-100/unrelaxed_model_3_multimer_pred_20.pdb
0.16001373529434204,31.75,0.5383047712455493,0.2356719424845835,/projectnb2/docking/imhaoyu/transmebrane/dataset1/AFMmulti-J/output_files/100preds-v1/1E12-100/unrelaxed_model_3_multimer_pred_10.pdb
0.15756508708000183,31.75,0.5389981682309487,0.23385170331019123,/projectnb2/docking/imhaoyu/transmebrane/dataset1/AFMmulti-J/output_files/100preds-v1/1E12-100/unrelaxed_model_3_multimer_pred_43.pdb
0.15782564878463745,31.75,0.535770926231112,0.23341470427393235,/projectnb2/docking/imhaoyu/transmebrane/dataset1/AFMmulti-J/output_files/100preds-v1/1E12-100/unrelaxed_model_3_multimer_pred_7.pdb
0.15729987621307373,31.75,0.5333030238465507,0.23250050573976916,/projectnb2/docking/imhaoyu/transmebrane/dataset1/AFMmulti-J/output_files/100preds-v1/1E12-100/unrelaxed_model_4_multimer_pred_42.pdb
0.15416164696216583,31.75,0.5337461018056328,0.23007853793085922,/projectnb2/docking/imhaoyu/transmebrane/dataset1/AFMmulti-J/output_files/100preds-v1/1E12-100/unrelaxed_model_2_multimer_pred_47.pdb
0.1536751091480255,31.75,0.5344169489315305,0.2298234771047265,/projectnb2/docking/imhaoyu/transmebrane/dataset1/AFMmulti-J/output_files/100preds-v1/1E12-100/unrelaxed_model_2_multimer_pred_1.pdb
0.1532515436410904,31.75,0.531958103655326,0.22899285564393754,/projectnb2/docking/imhaoyu/transmebrane/dataset1/AFMmulti-J/output_files/100preds-v1/1E12-100/unrelaxed_model_4_multimer_pred_31.pdb
0.1519673466682434,31.75,0.5293086616755235,0.22743560966969945,/projectnb2/docking/imhaoyu/transmebrane/dataset1/AFMmulti-J/output_files/100preds-v1/1E12-100/unrelaxed_model_5_multimer_pred_33.pdb
0.15199708938598633,31.75,0.5259346815804439,0.22678460782487786,/projectnb2/docking/imhaoyu/transmebrane/dataset1/AFMmulti-J/output_files/100preds-v1/1E12-100/unrelaxed_model_3_multimer_pred_27.pdb
0.1488032042980194,31.75,0.5341266714696579,0.2258678977323471,/projectnb2/docking/imhaoyu/transmebrane/dataset1/AFMmulti-J/output_files/100preds-v1/1E12-100/unrelaxed_model_4_multimer_pred_39.pdb
0.14963208138942719,31.75,0.5296733976042006,0.22564034463238186,/projectnb2/docking/imhaoyu/transmebrane/dataset1/AFMmulti-J/output_files/100preds-v1/1E12-100/unrelaxed_model_3_multimer_pred_17.pdb
0.14757345616817474,31.75,0.5304591788441066,0.22415060070336112,/projectnb2/docking/imhaoyu/transmebrane/dataset1/AFMmulti-J/output_files/100preds-v1/1E12-100/unrelaxed_model_3_multimer_pred_48.pdb
0.1466100811958313,31.75,0.5297389736979051,0.2232358596962461,/projectnb2/docking/imhaoyu/transmebrane/dataset1/AFMmulti-J/output_files/100preds-v1/1E12-100/unrelaxed_model_4_multimer_pred_29.pdb
0.14541032910346985,31.75,0.5311880779049474,0.2225658788637654,/projectnb2/docking/imhaoyu/transmebrane/dataset1/AFMmulti-J/output_files/100preds-v1/1E12-100/unrelaxed_model_4_multimer_pred_0.pdb
0.14547742903232574,31.75,0.5294377028896374,0.22226948380378808,/projectnb2/docking/imhaoyu/transmebrane/dataset1/AFMmulti-J/output_files/100preds-v1/1E12-100/unrelaxed_model_5_multimer_pred_31.pdb
0.14405223727226257,31.75,0.5331450330334164,0.22187079642449337,/projectnb2/docking/imhaoyu/transmebrane/dataset1/AFMmulti-J/output_files/100preds-v1/1E12-100/unrelaxed_model_4_multimer_pred_24.pdb
0.14480452239513397,31.75,0.5288690454093211,0.22161742699797143,/projectnb2/docking/imhaoyu/transmebrane/dataset1/AFMmulti-J/output_files/100preds-v1/1E12-100/unrelaxed_model_3_multimer_pred_15.pdb
0.14398479461669922,31.75,0.5315627702535634,0.22150038974407205,/projectnb2/docking/imhaoyu/transmebrane/dataset1/AFMmulti-J/output_files/100preds-v1/1E12-100/unrelaxed_model_3_multimer_pred_13.pdb
0.14136141538619995,31.75,0.5313195289254258,0.2193530380940451,/projectnb2/docking/imhaoyu/transmebrane/dataset1/AFMmulti-J/output_files/100preds-v1/1E12-100/unrelaxed_model_4_multimer_pred_19.pdb
0.14103035628795624,31.75,0.5284702484152224,0.21851833471340948,/projectnb2/docking/imhaoyu/transmebrane/dataset1/AFMmulti-J/output_files/100preds-v1/1E12-100/unrelaxed_model_4_multimer_pred_12.pdb
0.140907421708107,31.75,0.5288303857896023,0.2184920145244061,/projectnb2/docking/imhaoyu/transmebrane/dataset1/AFMmulti-J/output_files/100preds-v1/1E12-100/unrelaxed_model_4_multimer_pred_33.pdb
0.1404336839914322,31.75,0.5290750323325791,0.21816195365966157,/projectnb2/docking/imhaoyu/transmebrane/dataset1/AFMmulti-J/output_files/100preds-v1/1E12-100/unrelaxed_model_4_multimer_pred_47.pdb
0.14117495715618134,31.75,0.5255855814166481,0.21805708200827473,/projectnb2/docking/imhaoyu/transmebrane/dataset1/AFMmulti-J/output_files/100preds-v1/1E12-100/unrelaxed_model_5_multimer_pred_9.pdb
0.13620664179325104,31.75,0.5256746400618042,0.2141002414469617,/projectnb2/docking/imhaoyu/transmebrane/dataset1/AFMmulti-J/output_files/100preds-v1/1E12-100/unrelaxed_model_3_multimer_pred_2.pdb
0.1352366805076599,31.75,0.524935318978635,0.21317640820185493,/projectnb2/docking/imhaoyu/transmebrane/dataset1/AFMmulti-J/output_files/100preds-v1/1E12-100/unrelaxed_model_5_multimer_pred_8.pdb
0.13450773060321808,31.75,0.5257675062186858,0.21275968572631165,/projectnb2/docking/imhaoyu/transmebrane/dataset1/AFMmulti-J/output_files/100preds-v1/1E12-100/unrelaxed_model_3_multimer_pred_30.pdb
0.1342693567276001,31.75,0.5244819354383142,0.21231187246974292,/projectnb2/docking/imhaoyu/transmebrane/dataset1/AFMmulti-J/output_files/100preds-v1/1E12-100/unrelaxed_model_4_multimer_pred_41.pdb
0.13390633463859558,31.75,0.5218081244057646,0.2114866925920294,/projectnb2/docking/imhaoyu/transmebrane/dataset1/AFMmulti-J/output_files/100preds-v1/1E12-100/unrelaxed_model_4_multimer_pred_27.pdb
0.13228332996368408,31.75,0.5258576066935458,0.21099818530965642,/projectnb2/docking/imhaoyu/transmebrane/dataset1/AFMmulti-J/output_files/100preds-v1/1E12-100/unrelaxed_model_3_multimer_pred_12.pdb
0.13129986822605133,31.75,0.5249871127498152,0.21003731713080412,/projectnb2/docking/imhaoyu/transmebrane/dataset1/AFMmulti-J/output_files/100preds-v1/1E12-100/unrelaxed_model_4_multimer_pred_49.pdb
0.1316017359495163,31.75,0.5224796296711899,0.20977731469385102,/projectnb2/docking/imhaoyu/transmebrane/dataset1/AFMmulti-J/output_files/100preds-v1/1E12-100/unrelaxed_model_3_multimer_pred_40.pdb
0.13020136952400208,31.75,0.5237005981899696,0.2089012152571956,/projectnb2/docking/imhaoyu/transmebrane/dataset1/AFMmulti-J/output_files/100preds-v1/1E12-100/unrelaxed_model_4_multimer_pred_45.pdb
0.1291995346546173,31.75,0.5243651543607148,0.20823265859583684,/projectnb2/docking/imhaoyu/transmebrane/dataset1/AFMmulti-J/output_files/100preds-v1/1E12-100/unrelaxed_model_4_multimer_pred_48.pdb
0.12917184829711914,31.75,0.5238686558271007,0.20811120980311548,/projectnb2/docking/imhaoyu/transmebrane/dataset1/AFMmulti-J/output_files/100preds-v1/1E12-100/unrelaxed_model_3_multimer_pred_16.pdb
0.1277816891670227,31.75,0.5199665508973226,0.20621866151308268,/projectnb2/docking/imhaoyu/transmebrane/dataset1/AFMmulti-J/output_files/100preds-v1/1E12-100/unrelaxed_model_4_multimer_pred_36.pdb
0.1256791651248932,31.75,0.5247028686090855,0.20548390582173168,/projectnb2/docking/imhaoyu/transmebrane/dataset1/AFMmulti-J/output_files/100preds-v1/1E12-100/unrelaxed_model_2_multimer_pred_24.pdb
0.12438555061817169,31.75,0.5218913905337207,0.2038867186012815,/projectnb2/docking/imhaoyu/transmebrane/dataset1/AFMmulti-J/output_files/100preds-v1/1E12-100/unrelaxed_model_3_multimer_pred_8.pdb
0.12189634144306183,31.75,0.5193458021674077,0.201386233587931,/projectnb2/docking/imhaoyu/transmebrane/dataset1/AFMmulti-J/output_files/100preds-v1/1E12-100/unrelaxed_model_3_multimer_pred_5.pdb
0.12129989266395569,31.75,0.5201937745078898,0.20107866903274252,/projectnb2/docking/imhaoyu/transmebrane/dataset1/AFMmulti-J/output_files/100preds-v1/1E12-100/unrelaxed_model_3_multimer_pred_37.pdb
0.12097696959972382,31.75,0.5181435937099389,0.20041029442176683,/projectnb2/docking/imhaoyu/transmebrane/dataset1/AFMmulti-J/output_files/100preds-v1/1E12-100/unrelaxed_model_4_multimer_pred_3.pdb
0.12041325122117996,31.75,0.5187737758319797,0.20008535614333992,/projectnb2/docking/imhaoyu/transmebrane/dataset1/AFMmulti-J/output_files/100preds-v1/1E12-100/unrelaxed_model_5_multimer_pred_39.pdb
0.11759065091609955,31.75,0.5175939274945234,0.19759130623178434,/projectnb2/docking/imhaoyu/transmebrane/dataset1/AFMmulti-J/output_files/100preds-v1/1E12-100/unrelaxed_model_4_multimer_pred_8.pdb
0.11617685109376907,31.75,0.5159272147836942,0.19612692383175412,/projectnb2/docking/imhaoyu/transmebrane/dataset1/AFMmulti-J/output_files/100preds-v1/1E12-100/unrelaxed_model_3_multimer_pred_32.pdb
0.11579366028308868,31.75,0.5136849417032482,0.1953719165671206,/projectnb2/docking/imhaoyu/transmebrane/dataset1/AFMmulti-J/output_files/100preds-v1/1E12-100/unrelaxed_model_4_multimer_pred_40.pdb
0.11455688625574112,31.75,0.5148190026448918,0.19460930953357125,/projectnb2/docking/imhaoyu/transmebrane/dataset1/AFMmulti-J/output_files/100preds-v1/1E12-100/unrelaxed_model_4_multimer_pred_35.pdb
0.11200712621212006,31.75,0.51722484824547,0.19305067061879005,/projectnb2/docking/imhaoyu/transmebrane/dataset1/AFMmulti-J/output_files/100preds-v1/1E12-100/unrelaxed_model_3_multimer_pred_24.pdb
0.11172934621572495,31.75,0.5165454168433185,0.19269256034124366,/projectnb2/docking/imhaoyu/transmebrane/dataset1/AFMmulti-J/output_files/100preds-v1/1E12-100/unrelaxed_model_4_multimer_pred_37.pdb
0.11188900470733643,31.75,0.5151823334470764,0.19254767045528443,/projectnb2/docking/imhaoyu/transmebrane/dataset1/AFMmulti-J/output_files/100preds-v1/1E12-100/unrelaxed_model_4_multimer_pred_16.pdb
0.10688626021146774,31.75,0.5122248730097674,0.18795398277112768,/projectnb2/docking/imhaoyu/transmebrane/dataset1/AFMmulti-J/output_files/100preds-v1/1E12-100/unrelaxed_model_3_multimer_pred_49.pdb
0.0986383706331253,31.75,0.5130204611426438,0.18151478873502902,/projectnb2/docking/imhaoyu/transmebrane/dataset1/AFMmulti-J/output_files/100preds-v1/1E12-100/unrelaxed_model_2_multimer_pred_8.pdb
0.09916812181472778,31.75,0.5072613163445419,0.1807867607206906,/projectnb2/docking/imhaoyu/transmebrane/dataset1/AFMmulti-J/output_files/100preds-v1/1E12-100/unrelaxed_model_4_multimer_pred_32.pdb
0.0985141396522522,31.75,0.5087591330512291,0.1805631383320476,/projectnb2/docking/imhaoyu/transmebrane/dataset1/AFMmulti-J/output_files/100preds-v1/1E12-100/unrelaxed_model_3_multimer_pred_35.pdb
0.09330733865499496,31.75,0.5080383503966847,0.1762535410033329,/projectnb2/docking/imhaoyu/transmebrane/dataset1/AFMmulti-J/output_files/100preds-v1/1E12-100/unrelaxed_model_4_multimer_pred_6.pdb
0.08758798241615295,31.75,0.5030123089366526,0.17067284772025287,/projectnb2/docking/imhaoyu/transmebrane/dataset1/AFMmulti-J/output_files/100preds-v1/1E12-100/unrelaxed_model_3_multimer_pred_47.pdb
0.08653668314218521,31.75,0.5065190281191857,0.1705331521375853,/projectnb2/docking/imhaoyu/transmebrane/dataset1/AFMmulti-J/output_files/100preds-v1/1E12-100/unrelaxed_model_4_multimer_pred_15.pdb
0.08637230098247528,31.75,0.5067022879886992,0.1704382983837201,/projectnb2/docking/imhaoyu/transmebrane/dataset1/AFMmulti-J/output_files/100preds-v1/1E12-100/unrelaxed_model_3_multimer_pred_45.pdb
